Accuracy,Precision,Recall,F1-Score,ROC-AUC,Model
0.7370291400142146,0.5033222591362126,0.8101604278074866,0.6209016393442623,0.8302410817358714,Logistic Regression
