Accuracy,Precision,Recall,F1-Score,ROC-AUC,Model
0.7469194312796209,0.5148842337375965,0.8324420677361853,0.6362397820163488,0.8582939484849634,Logistic Regression
